implementation_id,function_id
1,1
2,1
3,1
4,1
75,1
85,1
95,1
105,1
5,2
6,2
7,2
70,2
76,2
86,2
96,2
106,2
8,3
9,3
10,3
71,3
77,3
87,3
97,3
107,3
11,4
12,4
13,4
72,4
78,4
88,4
98,4
108,4
14,5
15,5
58,5
64,5
79,5
89,5
99,5
109,5
16,6
17,6
59,6
65,6
80,6
90,6
100,6
110,6
56,7
60,7
66,7
73,7
81,7
91,7
101,7
111,7
57,8
61,8
67,8
74,8
82,8
92,8
102,8
112,8
18,9
19,9
62,9
68,9
83,9
93,9
103,9
113,9
20,10
21,10
63,10
69,10
84,10
94,10
104,10
114,10
